DECLARE
    GEST1 NUMBER(5, 0);
    GEST2 NUMBER(5, 0);
    GEST3 NUMBER(5, 0);
    GEST4 NUMBER(5, 0);
    GEST5 NUMBER(5, 0);
    
    MOTI1 NUMBER(5, 0);
    MOTI2 NUMBER(5, 0);
    MOTI3 NUMBER(5, 0);
    
    SINI1 NUMBER(5, 0);
    SINI2 NUMBER(5, 0);
    SINI3 NUMBER(5, 0);
    SINI4 NUMBER(5, 0);
    SINI5 NUMBER(5, 0);
    SINI6 NUMBER(5, 0);
BEGIN
    INSERT INTO CO532_VARIABLE VALUES (3, '1', 'BOGOTA', 1, 'n', 'n');
    INSERT INTO CO532_VARIABLE VALUES (3, '2', 'MEDILLIN', 1, 'n', 'n');
    INSERT INTO CO532_VARIABLE VALUES (3, '3', 'BARRANQUILLA', 1, 'n', 'n');
    INSERT INTO CO532_VARIABLE VALUES (3, '4', 'CARTAGENA', 1, 'n', 'n');
    INSERT INTO CO532_VARIABLE VALUES (3, '5', 'CALI', 1, 'n', 'n');
    INSERT INTO CO532_VARIABLE VALUES (3, '6', 'PEREIRA', 1, 'n', 'n');
    INSERT INTO CO532_VARIABLE VALUES (3, '7', 'PRINCIPAL', 1, 'n', 'n');
    INSERT INTO CO532_VARIABLE VALUES (1, '1', 'ACJ', 1, 'n', 's');
    INSERT INTO CO532_VARIABLE VALUES (1, '2', 'ACP', 1, 'n', 's');
    INSERT INTO CO532_VARIABLE VALUES (2, '1', 'Desistimiento', 1, 'n', 's');
    INSERT INTO CO532_VARIABLE VALUES (2, '2', 'Recuado Honorarios', 1, 'n', 's');
    INSERT INTO CO532_VARIABLE VALUES (2, '3', 'Recuado Salvemanto', 1, 'n', 's');
    INSERT INTO CO532_VARIABLE VALUES (4, '1', 'Inmueble', 1, 'n', 'n');
    INSERT INTO CO532_VARIABLE VALUES (4, '2', 'Vehiculo', 1, 'n', 'n');
    INSERT INTO CO532_VARIABLE VALUES (5, '1', 'Apartamentos', 1, 'n',  'n');
    INSERT INTO CO532_VARIABLE VALUES (5, '2', 'Fincas', 1, 'n', 'n');
    INSERT INTO CO532_VARIABLE VALUES (5, '3', 'Publicos', 1, 'n', 'n');
    INSERT INTO CO532_VARIABLE VALUES (5, '4', 'Oficial', 1, 'n', 'n');
    INSERT INTO CO532_VARIABLE VALUES (6, '1', 'Nuevo', 1, 'n', 'n');
    INSERT INTO CO532_VARIABLE VALUES (6, '2', 'Vigente', 1, 'n', 'n');
    INSERT INTO CO532_VARIABLE VALUES (6, '3', 'Juridico', 1, 'n', 'n');
    INSERT INTO CO532_VARIABLE VALUES (6, '4', 'Cerrado', 1, 'n', 'n');
    INSERT INTO CO532_VARIABLE VALUES (7, '1', 'Pnediente', 1, 'n', 'n');
    INSERT INTO CO532_VARIABLE VALUES (7, '2', 'Pactado', 1, 'n', 'n');
    INSERT INTO CO532_VARIABLE VALUES (7, '3', 'Ejecutado', 1, 'n', 'n');
    INSERT INTO CO532_VARIABLE VALUES (8, '1', 'Individual', 1, 'n', 'n');
    INSERT INTO CO532_VARIABLE VALUES (8, '2', 'Colectivo', 1, 'n',  'n');
    INSERT INTO CO532_VARIABLE VALUES (9, '1', 'Ingresos', 1, 'n', 'n');
    INSERT INTO CO532_VARIABLE VALUES (9, '2', 'Egresos', 1, 'n', 'n');
    INSERT INTO CO532_VARIABLE VALUES (9, '3', 'Diarios', 1, 'n', 'n');
    INSERT INTO CO532_VARIABLE VALUES (10, '1', 'Juridica', 1, 'n', 'n');
    INSERT INTO CO532_VARIABLE VALUES (10, '2', 'Cartera', 1, 'n', 'n');
    INSERT INTO CO532_VARIABLE VALUES (11, '1', 'Boveda', 1, 'n', 'n');
    INSERT INTO CO532_VARIABLE VALUES (11, '2', 'Oficina', 1, 'n', 'n');
    INSERT INTO CO532_VARIABLE VALUES (11, '3', 'Juzgados', 1, 'n', 'n');
    INSERT INTO CO532_VARIABLE VALUES (12, '1', 'Pendiente', 1, 'n', 'n');
    INSERT INTO CO532_VARIABLE VALUES (12, '2', 'Aprobada', 1, 'n', 'n');
    INSERT INTO CO532_VARIABLE VALUES (1, '3', 'POLLO', 1, 'n', 's');
    
    GEST1 := CO532_SEC_GESTOR.NEXTVAL;
    GEST2 := CO532_SEC_GESTOR.NEXTVAL;
    GEST3 := CO532_SEC_GESTOR.NEXTVAL;
    GEST4 := CO532_SEC_GESTOR.NEXTVAL;
    GEST5 := CO532_SEC_GESTOR.NEXTVAL;
    
    MOTI1 := 0;
    MOTI2 := 1;
    MOTI3 := 2;
    
    SINI1 := CO532_SEC_SINIESTRO.NEXTVAL;
    SINI2 := CO532_SEC_SINIESTRO.NEXTVAL;
    SINI3 := CO532_SEC_SINIESTRO.NEXTVAL;
    SINI4 := CO532_SEC_SINIESTRO.NEXTVAL;
    SINI5 := CO532_SEC_SINIESTRO.NEXTVAL;
    SINI6 := CO532_SEC_SINIESTRO.NEXTVAL;
    
    INSERT INTO CO532_GESTOR VALUES (GEST1, '0', 'CC', '1231', 'Raul', 'email@em.com', 'A', '1');
    INSERT INTO CO532_GESTOR VALUES (GEST2, '0', 'CC', '1232', 'Nestor', 'email@em.com', 'A', '1');
    INSERT INTO CO532_GESTOR VALUES (GEST3, '0', 'CC', '1233', 'Jairo', 'email@em.com', 'A', '1');
    INSERT INTO CO532_GESTOR VALUES (GEST4, '0', 'CC', '1234', 'Susana', 'email@em.com', 'A', '1');
    INSERT INTO CO532_GESTOR VALUES (GEST5, '0', 'CC', '1235', 'Ramona', 'email@em.com', 'A', '1');
    
    INSERT INTO CO532_MOT_EXCL VALUES (MOTI1, 'Motivo Exclusión 1');
    INSERT INTO CO532_MOT_EXCL VALUES (MOTI2, 'Motivo Exclusión 2');
    INSERT INTO CO532_MOT_EXCL VALUES (MOTI3, 'Motivo Exclusión 3');
    
    INSERT INTO CO532_SINIESTRO VALUES (SINI1, 1, 0, 0, 0, 0, 0, 0, 0, 0, 0, 15000, 10000, null, SYSDATE, 1, null, null, null, null, null, null, null, null, null);
    INSERT INTO CO532_SINIESTRO VALUES (SINI2, 1, 0, 0, 0, 0, 0, 0, 0, 0, 0, 20000, 5000, null, SYSDATE, 1, null, null, null, null, null, null, null, null, null);
    INSERT INTO CO532_SINIESTRO VALUES (SINI3, 3, 0, 0, 0, 0, 0, 0, 0, 0, 0, 7000, 0, null, SYSDATE, 1, null, null, null, null, null, null, null, null, null);
    INSERT INTO CO532_SINIESTRO VALUES (SINI4, 3, 0, 0, 0, 0, 0, 0, 0, 0, 0, 65000, 650, null, SYSDATE, 1, null, null, null, null, null, null, null, null, null);
    INSERT INTO CO532_SINIESTRO VALUES (SINI5, 2, 0, 0, 0, 0, 0, 0, 0, 0, 0, 2000000, 0, MOTI2, SYSDATE, 1, 'EM', null, null, null, null, null, null, null, null);
    INSERT INTO CO532_SINIESTRO VALUES (SINI6, 1, 0, 0, 0, 0, 0, 0, 0, 0, 0, 5000, 0, MOTI1, SYSDATE, 1, 'EE', null, null, null, null, null, null, null, null);
    
    INSERT INTO CO532_ASIGNACION VALUES (SINI1, GEST1);
    INSERT INTO CO532_ASIGNACION VALUES (SINI2, GEST1);
    INSERT INTO CO532_ASIGNACION VALUES (SINI3, GEST1);
    INSERT INTO CO532_ASIGNACION VALUES (SINI4, GEST4);
    
    INSERT INTO CO532_TIP_DISTR VALUES (CO532_SEC_TIP_DISTR.NEXTVAL, 'Tipo de distribucion 1', 0, 0, 0);
    INSERT INTO CO532_TIP_DISTR VALUES (CO532_SEC_TIP_DISTR.NEXTVAL, 'Tipo de distribucion 2', 0, 0, 0);
    INSERT INTO CO532_TIP_DISTR VALUES (CO532_SEC_TIP_DISTR.NEXTVAL, 'Tipo de distribucion 3', 0, 0, 0);
    INSERT INTO CO532_TIP_DISTR VALUES (CO532_SEC_TIP_DISTR.NEXTVAL, 'Tipo de distribucion 4', 0, 0, 0);
    INSERT INTO CO532_TIP_DISTR VALUES (CO532_SEC_TIP_DISTR.NEXTVAL, 'Tipo de distribucion 5', 0, 0, 0);
    
    INSERT INTO CO532_LOCALIZACION VALUES (1, 'BOGOTA', 1, null, null);
    INSERT INTO CO532_LOCALIZACION VALUES (2, 'MEDELLIN', 1, null, null);
    INSERT INTO CO532_LOCALIZACION VALUES (3, 'BARRANQUILLA', 1, null, null);
    INSERT INTO CO532_LOCALIZACION VALUES (4, 'CARTAGENA', 1, null, null);
    INSERT INTO CO532_LOCALIZACION VALUES (5, 'CALI', 1, null, null);
    INSERT INTO CO532_LOCALIZACION VALUES (6, 'PEREIRA', 1, null, null);
    INSERT INTO CO532_LOCALIZACION VALUES (7, 'PRINCIPAL', 1, null, null);
    
    INSERT INTO CO532_GEST_LOC VALUES (CO532_SEC_GEST_LOC.NEXTVAL, GEST1, 1);
    INSERT INTO CO532_GEST_LOC VALUES (CO532_SEC_GEST_LOC.NEXTVAL, GEST1, 2);
    INSERT INTO CO532_GEST_LOC VALUES (CO532_SEC_GEST_LOC.NEXTVAL, GEST1, 3);
    INSERT INTO CO532_GEST_LOC VALUES (CO532_SEC_GEST_LOC.NEXTVAL, GEST2, 1);
    INSERT INTO CO532_GEST_LOC VALUES (CO532_SEC_GEST_LOC.NEXTVAL, GEST2, 2);
    INSERT INTO CO532_GEST_LOC VALUES (CO532_SEC_GEST_LOC.NEXTVAL, GEST3, 1);
    INSERT INTO CO532_GEST_LOC VALUES (CO532_SEC_GEST_LOC.NEXTVAL, GEST3, 3);
    INSERT INTO CO532_GEST_LOC VALUES (CO532_SEC_GEST_LOC.NEXTVAL, GEST4, 1);
    INSERT INTO CO532_GEST_LOC VALUES (CO532_SEC_GEST_LOC.NEXTVAL, GEST5, 3);
    
    COMMIT;
END;